pr_auc,roc_auc,accuracy,precision,recall,f1_score,operating_threshold
0.7933228010499845,0.9299201515365398,0.9947700876180127,0.9196556671449068,0.9682779456193353,0.9433406916850625,0.6081292320928691
