pr_auc,roc_auc,accuracy,precision,recall,f1_score,operating_threshold
0.725099747571045,0.906446791719549,0.9950417713781159,0.9441930618401206,0.945619335347432,0.9449056603773585,0.7552705410706468
