pr_auc,roc_auc,accuracy,precision,recall,f1_score,operating_threshold
0.7994618579248942,0.9367672061589221,0.9961285064185288,0.9521674140508222,0.9622356495468278,0.9571750563486101,0.6682966307724734
