pr_auc,roc_auc,accuracy,precision,recall,f1_score,operating_threshold
0.750807132554593,0.921459067752054,0.9942946410378319,0.9200581395348837,0.9561933534743202,0.9377777777777778,0.5900864746080537
