pr_auc,roc_auc,accuracy,precision,recall,f1_score,operating_threshold
0.8003322292083906,0.9412331810189999,0.9960605854785031,0.9561933534743202,0.9561933534743202,0.9561933534743202,0.537869868607407
